-- phpMyAdmin SQL Dump
-- version 5.2.0
-- https://www.phpmyadmin.net/
--
-- Host: localhost:3306
-- Generation Time: Nov 19, 2025 at 11:49 AM
-- Server version: 8.0.41
-- PHP Version: 8.2.28

SET SQL_MODE = "NO_AUTO_VALUE_ON_ZERO";
START TRANSACTION;
SET time_zone = "+00:00";


/*!40101 SET @OLD_CHARACTER_SET_CLIENT=@@CHARACTER_SET_CLIENT */;
/*!40101 SET @OLD_CHARACTER_SET_RESULTS=@@CHARACTER_SET_RESULTS */;
/*!40101 SET @OLD_COLLATION_CONNECTION=@@COLLATION_CONNECTION */;
/*!40101 SET NAMES utf8mb4 */;

--
-- Database: `kuliah_wf_2025`
--

-- --------------------------------------------------------

--
-- Table structure for table `cache`
--

CREATE TABLE `cache` (
  `key` varchar(255) COLLATE utf8mb4_unicode_ci NOT NULL,
  `value` mediumtext COLLATE utf8mb4_unicode_ci NOT NULL,
  `expiration` int NOT NULL
) ENGINE=InnoDB DEFAULT CHARSET=utf8mb4 COLLATE=utf8mb4_unicode_ci;

-- --------------------------------------------------------

--
-- Table structure for table `cache_locks`
--

CREATE TABLE `cache_locks` (
  `key` varchar(255) COLLATE utf8mb4_unicode_ci NOT NULL,
  `owner` varchar(255) COLLATE utf8mb4_unicode_ci NOT NULL,
  `expiration` int NOT NULL
) ENGINE=InnoDB DEFAULT CHARSET=utf8mb4 COLLATE=utf8mb4_unicode_ci;

-- --------------------------------------------------------

--
-- Table structure for table `detail_rekam_medis`
--

CREATE TABLE `detail_rekam_medis` (
  `iddetail_rekam_medis` int NOT NULL,
  `idrekam_medis` int NOT NULL,
  `idkode_tindakan_terapi` int NOT NULL,
  `detail` varchar(1000) COLLATE utf8mb4_general_ci DEFAULT NULL
) ENGINE=InnoDB DEFAULT CHARSET=utf8mb4 COLLATE=utf8mb4_general_ci;

--
-- Dumping data for table `detail_rekam_medis`
--

INSERT INTO `detail_rekam_medis` (`iddetail_rekam_medis`, `idrekam_medis`, `idkode_tindakan_terapi`, `detail`) VALUES
(1, 1, 1, 'di beri suntikan 50ml'),
(2, 2, 2, 'diberi tetas mata'),
(3, 3, 34, 'apmutasi'),
(4, 4, 34, 'di suntik 15 menit'),
(6, 5, 9, 'disuntik'),
(7, 5, 15, 'suktik');

-- --------------------------------------------------------

--
-- Table structure for table `dokter`
--

CREATE TABLE `dokter` (
  `id_dokter` int NOT NULL,
  `alamat` varchar(100) DEFAULT NULL,
  `no_hp` varchar(45) DEFAULT NULL,
  `bidang_dokter` varchar(100) DEFAULT NULL,
  `jenis_kelamin` varchar(1) DEFAULT NULL,
  `id_user` bigint UNSIGNED DEFAULT NULL
) ENGINE=InnoDB DEFAULT CHARSET=utf8mb4 COLLATE=utf8mb4_0900_ai_ci;

-- --------------------------------------------------------

--
-- Table structure for table `failed_jobs`
--

CREATE TABLE `failed_jobs` (
  `id` bigint UNSIGNED NOT NULL,
  `uuid` varchar(255) COLLATE utf8mb4_unicode_ci NOT NULL,
  `connection` text COLLATE utf8mb4_unicode_ci NOT NULL,
  `queue` text COLLATE utf8mb4_unicode_ci NOT NULL,
  `payload` longtext COLLATE utf8mb4_unicode_ci NOT NULL,
  `exception` longtext COLLATE utf8mb4_unicode_ci NOT NULL,
  `failed_at` timestamp NOT NULL DEFAULT CURRENT_TIMESTAMP
) ENGINE=InnoDB DEFAULT CHARSET=utf8mb4 COLLATE=utf8mb4_unicode_ci;

-- --------------------------------------------------------

--
-- Table structure for table `jenis_hewan`
--

CREATE TABLE `jenis_hewan` (
  `idjenis_hewan` int NOT NULL,
  `nama_jenis_hewan` varchar(100) COLLATE utf8mb4_general_ci DEFAULT NULL
) ENGINE=InnoDB DEFAULT CHARSET=utf8mb4 COLLATE=utf8mb4_general_ci;

--
-- Dumping data for table `jenis_hewan`
--

INSERT INTO `jenis_hewan` (`idjenis_hewan`, `nama_jenis_hewan`) VALUES
(1, 'Anjing (Canis lupus familiaris)'),
(2, 'Kucing (Felis catus)'),
(3, 'Kelinci (Oryctolagus cuniculus)'),
(4, 'Burung'),
(5, 'Reptil'),
(6, 'Rodent / Hewan Kecil');

-- --------------------------------------------------------

--
-- Table structure for table `jobs`
--

CREATE TABLE `jobs` (
  `id` bigint UNSIGNED NOT NULL,
  `queue` varchar(255) COLLATE utf8mb4_unicode_ci NOT NULL,
  `payload` longtext COLLATE utf8mb4_unicode_ci NOT NULL,
  `attempts` tinyint UNSIGNED NOT NULL,
  `reserved_at` int UNSIGNED DEFAULT NULL,
  `available_at` int UNSIGNED NOT NULL,
  `created_at` int UNSIGNED NOT NULL
) ENGINE=InnoDB DEFAULT CHARSET=utf8mb4 COLLATE=utf8mb4_unicode_ci;

-- --------------------------------------------------------

--
-- Table structure for table `job_batches`
--

CREATE TABLE `job_batches` (
  `id` varchar(255) COLLATE utf8mb4_unicode_ci NOT NULL,
  `name` varchar(255) COLLATE utf8mb4_unicode_ci NOT NULL,
  `total_jobs` int NOT NULL,
  `pending_jobs` int NOT NULL,
  `failed_jobs` int NOT NULL,
  `failed_job_ids` longtext COLLATE utf8mb4_unicode_ci NOT NULL,
  `options` mediumtext COLLATE utf8mb4_unicode_ci,
  `cancelled_at` int DEFAULT NULL,
  `created_at` int NOT NULL,
  `finished_at` int DEFAULT NULL
) ENGINE=InnoDB DEFAULT CHARSET=utf8mb4 COLLATE=utf8mb4_unicode_ci;

-- --------------------------------------------------------

--
-- Table structure for table `kategori`
--

CREATE TABLE `kategori` (
  `idkategori` int NOT NULL,
  `nama_kategori` varchar(100) COLLATE utf8mb4_general_ci DEFAULT NULL
) ENGINE=InnoDB DEFAULT CHARSET=utf8mb4 COLLATE=utf8mb4_general_ci;

--
-- Dumping data for table `kategori`
--

INSERT INTO `kategori` (`idkategori`, `nama_kategori`) VALUES
(1, 'Vaksinasi'),
(2, 'Bedah / Operasi'),
(3, 'Cairan infus'),
(4, 'Terapi Injeksi'),
(5, 'Terapi Oral'),
(6, 'Diagnostik'),
(7, 'Rawat Inap'),
(8, 'Lain-lain');

-- --------------------------------------------------------

--
-- Table structure for table `kategori_klinis`
--

CREATE TABLE `kategori_klinis` (
  `idkategori_klinis` int NOT NULL,
  `nama_kategori_klinis` varchar(50) COLLATE utf8mb4_general_ci DEFAULT NULL
) ENGINE=InnoDB DEFAULT CHARSET=utf8mb4 COLLATE=utf8mb4_general_ci;

--
-- Dumping data for table `kategori_klinis`
--

INSERT INTO `kategori_klinis` (`idkategori_klinis`, `nama_kategori_klinis`) VALUES
(1, 'Terapi'),
(2, 'Tindakan'),
(3, 'pijet');

-- --------------------------------------------------------

--
-- Table structure for table `kode_tindakan_terapi`
--

CREATE TABLE `kode_tindakan_terapi` (
  `idkode_tindakan_terapi` int NOT NULL,
  `kode` varchar(5) COLLATE utf8mb4_general_ci DEFAULT NULL,
  `deskripsi_tindakan_terapi` varchar(1000) COLLATE utf8mb4_general_ci DEFAULT NULL,
  `idkategori` int NOT NULL,
  `idkategori_klinis` int NOT NULL
) ENGINE=InnoDB DEFAULT CHARSET=utf8mb4 COLLATE=utf8mb4_general_ci;

--
-- Dumping data for table `kode_tindakan_terapi`
--

INSERT INTO `kode_tindakan_terapi` (`idkode_tindakan_terapi`, `kode`, `deskripsi_tindakan_terapi`, `idkategori`, `idkategori_klinis`) VALUES
(1, 'T01', 'Vaksinasi Rabies', 1, 1),
(2, 'T02', 'Vaksinasi Polivalen (DHPPi/L untuk anjing)', 1, 1),
(3, 'T03', 'Vaksinasi Panleukopenia / Tricat kucing', 1, 1),
(4, 'T04', 'Vaksinasi lainnya (bordetella, influenza, dsb.)', 1, 1),
(5, 'T05', 'Sterilisasi jantan', 2, 2),
(6, 'T06', 'Sterilisasi betina', 2, 2),
(9, 'T07', 'Minor surgery (luka, abses)', 2, 2),
(10, 'T08', 'Major surgery (laparotomi, tumor)', 2, 2),
(11, 'T09', 'Infus intravena cairan kristaloid', 3, 1),
(12, 'T10', 'Infus intravena cairan koloid', 3, 1),
(13, 'T11', 'Antibiotik injeksi', 4, 1),
(14, 'T12', 'Antiparasit injeksi', 4, 1),
(15, 'T13', 'Antiemetik / gastroprotektor', 4, 1),
(16, 'T14', 'Analgesik / antiinflamasi', 4, 1),
(17, 'T15', 'Kortikosteroid', 4, 1),
(18, 'T16', 'Antibiotik oral', 5, 1),
(19, 'T17', 'Antiparasit oral', 5, 1),
(20, 'T18', 'Vitamin / suplemen', 5, 1),
(21, 'T19', 'Diet khusus', 5, 1),
(22, 'T20', 'Pemeriksaan darah rutin', 6, 2),
(23, 'T21', 'Pemeriksaan kimia darah', 6, 2),
(24, 'T22', 'Pemeriksaan feses / parasitologi', 6, 2),
(25, 'T23', 'Pemeriksaan urin', 6, 2),
(26, 'T24', 'Radiografi (rontgen)', 6, 2),
(27, 'T25', 'USG Abdomen', 6, 2),
(28, 'T26', 'Sitologi / biopsi', 6, 2),
(29, 'T27', 'Rapid test penyakit infeksi', 6, 2),
(30, 'T28', 'Observasi sehari', 7, 2),
(31, 'T29', 'Observasi lebih dari 1 hari', 7, 2),
(32, 'T30', 'Grooming medis', 8, 2),
(33, 'T31', 'Deworming', 8, 1),
(34, 'T32', 'Ektoparasit control', 8, 1);

-- --------------------------------------------------------

--
-- Table structure for table `migrations`
--

CREATE TABLE `migrations` (
  `id` int UNSIGNED NOT NULL,
  `migration` varchar(255) COLLATE utf8mb4_unicode_ci NOT NULL,
  `batch` int NOT NULL
) ENGINE=InnoDB DEFAULT CHARSET=utf8mb4 COLLATE=utf8mb4_unicode_ci;

--
-- Dumping data for table `migrations`
--

INSERT INTO `migrations` (`id`, `migration`, `batch`) VALUES
(1, '0001_01_01_000000_create_users_table', 1),
(2, '0001_01_01_000001_create_cache_table', 1),
(3, '0001_01_01_000002_create_jobs_table', 1);

-- --------------------------------------------------------

--
-- Table structure for table `password_reset_tokens`
--

CREATE TABLE `password_reset_tokens` (
  `email` varchar(255) COLLATE utf8mb4_unicode_ci NOT NULL,
  `token` varchar(255) COLLATE utf8mb4_unicode_ci NOT NULL,
  `created_at` timestamp NULL DEFAULT NULL
) ENGINE=InnoDB DEFAULT CHARSET=utf8mb4 COLLATE=utf8mb4_unicode_ci;

-- --------------------------------------------------------

--
-- Table structure for table `pemilik`
--

CREATE TABLE `pemilik` (
  `idpemilik` int NOT NULL,
  `no_wa` varchar(45) COLLATE utf8mb4_general_ci DEFAULT NULL,
  `alamat` varchar(100) COLLATE utf8mb4_general_ci DEFAULT NULL,
  `iduser` bigint NOT NULL
) ENGINE=InnoDB DEFAULT CHARSET=utf8mb4 COLLATE=utf8mb4_general_ci;

--
-- Dumping data for table `pemilik`
--

INSERT INTO `pemilik` (`idpemilik`, `no_wa`, `alamat`, `iduser`) VALUES
(1, '08123456678', 'rungkut', 10),
(2, '08123456', 'sukodono', 11),
(3, '08765432', 'kosagra', 13),
(4, '08567432167', 'ngagel', 14),
(5, '08976543', 'srikana', 15);

-- --------------------------------------------------------

--
-- Table structure for table `perawat`
--

CREATE TABLE `perawat` (
  `id_perawat` int NOT NULL,
  `alamat` varchar(100) DEFAULT NULL,
  `no_hp` varchar(45) DEFAULT NULL,
  `jenis_kelamin` varchar(1) DEFAULT NULL,
  `pendidikan` varchar(100) DEFAULT NULL,
  `id_user` bigint UNSIGNED DEFAULT NULL
) ENGINE=InnoDB DEFAULT CHARSET=utf8mb4 COLLATE=utf8mb4_0900_ai_ci;

-- --------------------------------------------------------

--
-- Table structure for table `pet`
--

CREATE TABLE `pet` (
  `idpet` int NOT NULL,
  `nama` varchar(100) COLLATE utf8mb4_general_ci DEFAULT NULL,
  `tanggal_lahir` date DEFAULT NULL,
  `warna_tanda` varchar(45) COLLATE utf8mb4_general_ci DEFAULT NULL,
  `jenis_kelamin` char(1) COLLATE utf8mb4_general_ci DEFAULT NULL,
  `idpemilik` int NOT NULL,
  `idras_hewan` int NOT NULL
) ENGINE=InnoDB DEFAULT CHARSET=utf8mb4 COLLATE=utf8mb4_general_ci;

--
-- Dumping data for table `pet`
--

INSERT INTO `pet` (`idpet`, `nama`, `tanggal_lahir`, `warna_tanda`, `jenis_kelamin`, `idpemilik`, `idras_hewan`) VALUES
(1, 'ular', '2025-09-14', 'hitam', 'J', 1, 1),
(2, 'cicak', '2025-09-01', 'pink', 'B', 2, 6),
(3, 'kucing', '2019-10-20', 'kuning', 'B', 3, 4),
(4, 'ayam', '2024-02-01', 'hitam', 'J', 4, 8),
(5, 'kelinci', '2025-09-01', 'putih', 'B', 5, 5);

-- --------------------------------------------------------

--
-- Table structure for table `ras_hewan`
--

CREATE TABLE `ras_hewan` (
  `idras_hewan` int NOT NULL,
  `nama_ras` varchar(100) COLLATE utf8mb4_general_ci DEFAULT NULL,
  `idjenis_hewan` int NOT NULL
) ENGINE=InnoDB DEFAULT CHARSET=utf8mb4 COLLATE=utf8mb4_general_ci;

--
-- Dumping data for table `ras_hewan`
--

INSERT INTO `ras_hewan` (`idras_hewan`, `nama_ras`, `idjenis_hewan`) VALUES
(1, 'Golden Retriever', 1),
(2, 'Labrador Retriever', 1),
(3, 'German Shepherd', 1),
(4, 'Bulldog (English, French)', 1),
(5, 'Poodle (Toy, Miniature, Standard)', 1),
(6, 'Beagle', 1),
(7, 'Siberian Husky', 1),
(8, 'Shih Tzu', 1),
(9, 'Dachshund', 1),
(10, 'Chihuahua', 1),
(11, 'Persia', 2),
(12, 'Maine Coon', 2),
(13, 'Siamese', 2),
(14, 'Bengal', 2),
(15, 'Sphynx', 2),
(16, 'Scottish Fold', 2),
(17, 'British Shorthair', 2),
(18, 'Anggora', 2),
(19, 'Domestic Shorthair (kampung)', 2),
(20, 'Ragdoll', 2),
(21, 'Holland Lop', 3),
(22, 'Netherland Dwarf', 3),
(23, 'Flemish Giant', 3),
(24, 'Lionhead', 3),
(25, 'Rex', 3),
(26, 'Angora Rabbit', 3),
(27, 'Mini Lop', 3),
(28, 'Lovebird (Agapornis sp.)', 4),
(29, 'Kakatua (Cockatoo)', 4),
(30, 'Parrot / Nuri (Macaw, African Grey, Amazon Parrot)', 4),
(31, 'Kenari (Serinus canaria)', 4),
(32, 'Merpati (Columba livia)', 4),
(33, 'Parkit (Budgerigar / Melopsittacus undulatus)', 4),
(34, 'Jalak (Sturnus sp.)', 4),
(35, 'Kura-kura Sulcata (African spurred tortoise)', 5),
(36, 'Red-Eared Slider (Trachemys scripta elegans)', 5),
(37, 'Leopard Gecko', 5),
(38, 'Iguana hijau', 5),
(39, 'Ball Python', 5),
(40, 'Corn Snake', 5),
(41, 'Hamster (Syrian, Roborovski, Campbell, Winter White)', 6),
(42, 'Guinea Pig (Abyssinian, Peruvian, American Shorthair)', 6),
(43, 'Gerbil', 6),
(44, 'Chinchilla', 6);

-- --------------------------------------------------------

--
-- Table structure for table `rekam_medis`
--

CREATE TABLE `rekam_medis` (
  `idrekam_medis` int NOT NULL,
  `created_at` timestamp NULL DEFAULT NULL,
  `anamnesa` varchar(1000) COLLATE utf8mb4_general_ci DEFAULT NULL,
  `temuan_klinis` varchar(1000) COLLATE utf8mb4_general_ci DEFAULT NULL,
  `diagnosa` varchar(1000) COLLATE utf8mb4_general_ci DEFAULT NULL,
  `idpet` int NOT NULL,
  `dokter_pemeriksa` int NOT NULL,
  `status_verifikasi` tinyint(1) NOT NULL DEFAULT '0'
) ENGINE=InnoDB DEFAULT CHARSET=utf8mb4 COLLATE=utf8mb4_general_ci;

--
-- Dumping data for table `rekam_medis`
--

INSERT INTO `rekam_medis` (`idrekam_medis`, `created_at`, `anamnesa`, `temuan_klinis`, `diagnosa`, `idpet`, `dokter_pemeriksa`, `status_verifikasi`) VALUES
(1, '2025-09-19 17:01:12', 'telinga', 'terluka', 'terluka, berdarah, dan ada goresan', 2, 2, 0),
(2, '2025-09-19 17:01:22', 'mata', 'juling', 'mata tidak normal dan juling', 1, 2, 0),
(3, '2025-09-20 05:42:11', 'kaki patah', 'tulang patah', 'patah tulang', 3, 1, 0),
(4, '2025-09-21 05:07:00', 'tangan', 'bengkok ke kanan', 'bengkok ke kiri dan ke kanan', 4, 2, 0),
(5, '2025-09-21 08:38:22', 'kepala', 'berdarah', 'berdarah', 5, 1, 0),
(6, '2025-11-01 17:00:00', 'hjbi', 'huyu', 'jkhu', 1, 3, 0);

-- --------------------------------------------------------

--
-- Table structure for table `role`
--

CREATE TABLE `role` (
  `idrole` int NOT NULL,
  `nama_role` varchar(100) COLLATE utf8mb4_general_ci DEFAULT NULL
) ENGINE=InnoDB DEFAULT CHARSET=utf8mb4 COLLATE=utf8mb4_general_ci;

--
-- Dumping data for table `role`
--

INSERT INTO `role` (`idrole`, `nama_role`) VALUES
(1, 'Administrator'),
(2, 'Dokter'),
(3, 'Perawat'),
(4, 'Resepsionis'),
(5, 'Pemilik');

-- --------------------------------------------------------

--
-- Table structure for table `role_user`
--

CREATE TABLE `role_user` (
  `idrole_user` int NOT NULL,
  `iduser` bigint NOT NULL,
  `idrole` int NOT NULL,
  `status` tinyint NOT NULL DEFAULT '1'
) ENGINE=InnoDB DEFAULT CHARSET=utf8mb4 COLLATE=utf8mb4_general_ci;

--
-- Dumping data for table `role_user`
--

INSERT INTO `role_user` (`idrole_user`, `iduser`, `idrole`, `status`) VALUES
(1, 6, 1, 1),
(2, 6, 3, 0),
(3, 7, 2, 1),
(4, 8, 3, 1),
(5, 7, 3, 1),
(6, 9, 4, 1),
(7, 12, 2, 1),
(8, 10, 5, 1),
(9, 11, 5, 1),
(10, 13, 5, 1),
(11, 14, 5, 1),
(12, 15, 5, 1);

-- --------------------------------------------------------

--
-- Table structure for table `sessions`
--

CREATE TABLE `sessions` (
  `id` varchar(255) COLLATE utf8mb4_unicode_ci NOT NULL,
  `user_id` bigint UNSIGNED DEFAULT NULL,
  `ip_address` varchar(45) COLLATE utf8mb4_unicode_ci DEFAULT NULL,
  `user_agent` text COLLATE utf8mb4_unicode_ci,
  `payload` longtext COLLATE utf8mb4_unicode_ci NOT NULL,
  `last_activity` int NOT NULL
) ENGINE=InnoDB DEFAULT CHARSET=utf8mb4 COLLATE=utf8mb4_unicode_ci;

-- --------------------------------------------------------

--
-- Table structure for table `temu_dokter`
--

CREATE TABLE `temu_dokter` (
  `idreservasi_dokter` int NOT NULL,
  `no_urut` int NOT NULL,
  `waktu_daftar` timestamp NULL DEFAULT NULL,
  `status` char(1) COLLATE utf8mb4_general_ci DEFAULT NULL,
  `idpet` int NOT NULL,
  `idrole_user` int NOT NULL
) ENGINE=InnoDB DEFAULT CHARSET=utf8mb4 COLLATE=utf8mb4_general_ci;

--
-- Dumping data for table `temu_dokter`
--

INSERT INTO `temu_dokter` (`idreservasi_dokter`, `no_urut`, `waktu_daftar`, `status`, `idpet`, `idrole_user`) VALUES
(1, 1, '2025-09-13 09:50:04', NULL, 1, 3),
(2, 2, '2025-09-13 14:39:16', NULL, 2, 3),
(3, 1, '2025-09-20 05:41:13', NULL, 3, 7),
(4, 1, '2025-09-21 04:58:50', NULL, 4, 7),
(5, 2, '2025-09-21 08:37:44', NULL, 5, 7),
(6, 1, '2025-10-06 10:48:59', NULL, 1, 3),
(7, 1, '2025-10-07 05:53:35', NULL, 2, 7);

-- --------------------------------------------------------

--
-- Table structure for table `user`
--

CREATE TABLE `user` (
  `iduser` bigint NOT NULL,
  `nama` varchar(500) COLLATE utf8mb4_general_ci NOT NULL,
  `email` varchar(200) COLLATE utf8mb4_general_ci NOT NULL,
  `password` varchar(300) COLLATE utf8mb4_general_ci NOT NULL
) ENGINE=InnoDB DEFAULT CHARSET=utf8mb4 COLLATE=utf8mb4_general_ci;

--
-- Dumping data for table `user`
--

INSERT INTO `user` (`iduser`, `nama`, `email`, `password`) VALUES
(6, 'adel', 'adell@mail.com', '$2y$10$8gnEdd8UMdDpRQcoy6vz1OBQaoiI0i6YtNbZwOa2l7FRSyqYXnAO2'),
(7, 'arvi', 'arvi@mail.com', '$2y$10$cBMwFL9SEOiL7pzFnYLdMezybUCf93eoQfXrEV6Tv4C6mDrnyMLPa'),
(8, 'alifia', 'alifia@mail.com', '$2y$10$BGghc5WV3Mrpy6QKS4XvW.hn3nBrAh4fBnWJqjZUaKtiXPPsf5r.W'),
(9, 'ikhsan', 'ikhsan@mail.com', '$2y$10$tysWMvYsLsxiNLuJXNoR6OvrSZdpoDBN0p9lbI4emLpPV3xohNunK'),
(10, 'adella', 'adella@mail.com', '$2y$10$ZqfY8Fv3cISgxqquiEqUIuCLdDXNR2pK5UB.mKUqoGVH4i/O8VMBS'),
(11, 'fahril', 'fahril@mail.com', '$2y$10$1g0TAQ6jOeRigUHroBXvku6Ic5/o9yvb5nX.EKqB2bKIfPLe.IAaa'),
(12, 'nadine', 'nadine@mail.com', '$2y$10$i1ZPcokRUiFDqIAVbKMF7O2BUAixZT93gg2ORqmPqxk8I/LTW5XCa'),
(13, 'dinda', 'dinda@mail.com', '$2y$10$GTWw5oG8Cv/7x7Wa7QiUjO.DzwpWMeTQF7F2nHw7qbZHAIO3wD7Ui'),
(14, 'latif', 'latif@mail.com', '$2y$10$ItA0zz2/MO7rs6hIfJ7jmOouAJMm02BZIs7WqDFKWOQD/6obnMJq2'),
(15, 'ashraf', 'ashraf@mail.com', '$2y$10$BMQbJoY9UDEQYqliAxMiW.r6g7WxQ4DL8XVXRp824/Tcm9zmGDqHu');

-- --------------------------------------------------------

--
-- Table structure for table `users`
--

CREATE TABLE `users` (
  `id` bigint UNSIGNED NOT NULL,
  `name` varchar(255) COLLATE utf8mb4_unicode_ci NOT NULL,
  `email` varchar(255) COLLATE utf8mb4_unicode_ci NOT NULL,
  `email_verified_at` timestamp NULL DEFAULT NULL,
  `password` varchar(255) COLLATE utf8mb4_unicode_ci NOT NULL,
  `remember_token` varchar(100) COLLATE utf8mb4_unicode_ci DEFAULT NULL,
  `created_at` timestamp NULL DEFAULT NULL,
  `updated_at` timestamp NULL DEFAULT NULL
) ENGINE=InnoDB DEFAULT CHARSET=utf8mb4 COLLATE=utf8mb4_unicode_ci;

--
-- Indexes for dumped tables
--

--
-- Indexes for table `cache`
--
ALTER TABLE `cache`
  ADD PRIMARY KEY (`key`);

--
-- Indexes for table `cache_locks`
--
ALTER TABLE `cache_locks`
  ADD PRIMARY KEY (`key`);

--
-- Indexes for table `detail_rekam_medis`
--
ALTER TABLE `detail_rekam_medis`
  ADD PRIMARY KEY (`iddetail_rekam_medis`),
  ADD KEY `fk_detail_rekam_medis_rekam_medis1_idx` (`idrekam_medis`),
  ADD KEY `idkode_tindakan_terapi` (`idkode_tindakan_terapi`);

--
-- Indexes for table `dokter`
--
ALTER TABLE `dokter`
  ADD PRIMARY KEY (`id_dokter`),
  ADD KEY `id_user` (`id_user`);

--
-- Indexes for table `failed_jobs`
--
ALTER TABLE `failed_jobs`
  ADD PRIMARY KEY (`id`),
  ADD UNIQUE KEY `failed_jobs_uuid_unique` (`uuid`);

--
-- Indexes for table `jenis_hewan`
--
ALTER TABLE `jenis_hewan`
  ADD PRIMARY KEY (`idjenis_hewan`);

--
-- Indexes for table `jobs`
--
ALTER TABLE `jobs`
  ADD PRIMARY KEY (`id`),
  ADD KEY `jobs_queue_index` (`queue`);

--
-- Indexes for table `job_batches`
--
ALTER TABLE `job_batches`
  ADD PRIMARY KEY (`id`);

--
-- Indexes for table `kategori`
--
ALTER TABLE `kategori`
  ADD PRIMARY KEY (`idkategori`);

--
-- Indexes for table `kategori_klinis`
--
ALTER TABLE `kategori_klinis`
  ADD PRIMARY KEY (`idkategori_klinis`);

--
-- Indexes for table `kode_tindakan_terapi`
--
ALTER TABLE `kode_tindakan_terapi`
  ADD PRIMARY KEY (`idkode_tindakan_terapi`),
  ADD KEY `fk_kode_tindakan_terapi_kategori1_idx` (`idkategori`),
  ADD KEY `fk_kode_tindakan_terapi_kategori_klinis1_idx` (`idkategori_klinis`);

--
-- Indexes for table `migrations`
--
ALTER TABLE `migrations`
  ADD PRIMARY KEY (`id`);

--
-- Indexes for table `password_reset_tokens`
--
ALTER TABLE `password_reset_tokens`
  ADD PRIMARY KEY (`email`);

--
-- Indexes for table `pemilik`
--
ALTER TABLE `pemilik`
  ADD PRIMARY KEY (`idpemilik`),
  ADD KEY `fk_pemilik_user1_idx` (`iduser`);

--
-- Indexes for table `perawat`
--
ALTER TABLE `perawat`
  ADD PRIMARY KEY (`id_perawat`),
  ADD KEY `id_user` (`id_user`);

--
-- Indexes for table `pet`
--
ALTER TABLE `pet`
  ADD PRIMARY KEY (`idpet`),
  ADD KEY `fk_pet_pemilik1_idx` (`idpemilik`),
  ADD KEY `fk_pet_ras_hewan1_idx` (`idras_hewan`);

--
-- Indexes for table `ras_hewan`
--
ALTER TABLE `ras_hewan`
  ADD PRIMARY KEY (`idras_hewan`),
  ADD KEY `fk_ras_hewan_jenis_hewan1_idx` (`idjenis_hewan`);

--
-- Indexes for table `rekam_medis`
--
ALTER TABLE `rekam_medis`
  ADD PRIMARY KEY (`idrekam_medis`),
  ADD KEY `fk_rekam_medis_pet1_idx` (`idpet`),
  ADD KEY `fk_rekam_medis_role_user1_idx` (`dokter_pemeriksa`);

--
-- Indexes for table `role`
--
ALTER TABLE `role`
  ADD PRIMARY KEY (`idrole`);

--
-- Indexes for table `role_user`
--
ALTER TABLE `role_user`
  ADD PRIMARY KEY (`idrole_user`),
  ADD KEY `fk_role_user_user_idx` (`iduser`),
  ADD KEY `fk_role_user_role1_idx` (`idrole`);

--
-- Indexes for table `sessions`
--
ALTER TABLE `sessions`
  ADD PRIMARY KEY (`id`),
  ADD KEY `sessions_user_id_index` (`user_id`),
  ADD KEY `sessions_last_activity_index` (`last_activity`);

--
-- Indexes for table `temu_dokter`
--
ALTER TABLE `temu_dokter`
  ADD PRIMARY KEY (`idreservasi_dokter`),
  ADD KEY `idpet` (`idpet`),
  ADD KEY `idrole_user` (`idrole_user`);

--
-- Indexes for table `user`
--
ALTER TABLE `user`
  ADD PRIMARY KEY (`iduser`),
  ADD UNIQUE KEY `email` (`email`);

--
-- Indexes for table `users`
--
ALTER TABLE `users`
  ADD PRIMARY KEY (`id`),
  ADD UNIQUE KEY `users_email_unique` (`email`);

--
-- AUTO_INCREMENT for dumped tables
--

--
-- AUTO_INCREMENT for table `detail_rekam_medis`
--
ALTER TABLE `detail_rekam_medis`
  MODIFY `iddetail_rekam_medis` int NOT NULL AUTO_INCREMENT, AUTO_INCREMENT=8;

--
-- AUTO_INCREMENT for table `dokter`
--
ALTER TABLE `dokter`
  MODIFY `id_dokter` int NOT NULL AUTO_INCREMENT;

--
-- AUTO_INCREMENT for table `failed_jobs`
--
ALTER TABLE `failed_jobs`
  MODIFY `id` bigint UNSIGNED NOT NULL AUTO_INCREMENT;

--
-- AUTO_INCREMENT for table `jenis_hewan`
--
ALTER TABLE `jenis_hewan`
  MODIFY `idjenis_hewan` int NOT NULL AUTO_INCREMENT, AUTO_INCREMENT=12;

--
-- AUTO_INCREMENT for table `jobs`
--
ALTER TABLE `jobs`
  MODIFY `id` bigint UNSIGNED NOT NULL AUTO_INCREMENT;

--
-- AUTO_INCREMENT for table `kategori`
--
ALTER TABLE `kategori`
  MODIFY `idkategori` int NOT NULL AUTO_INCREMENT, AUTO_INCREMENT=11;

--
-- AUTO_INCREMENT for table `kategori_klinis`
--
ALTER TABLE `kategori_klinis`
  MODIFY `idkategori_klinis` int NOT NULL AUTO_INCREMENT, AUTO_INCREMENT=5;

--
-- AUTO_INCREMENT for table `kode_tindakan_terapi`
--
ALTER TABLE `kode_tindakan_terapi`
  MODIFY `idkode_tindakan_terapi` int NOT NULL AUTO_INCREMENT, AUTO_INCREMENT=35;

--
-- AUTO_INCREMENT for table `migrations`
--
ALTER TABLE `migrations`
  MODIFY `id` int UNSIGNED NOT NULL AUTO_INCREMENT, AUTO_INCREMENT=4;

--
-- AUTO_INCREMENT for table `pemilik`
--
ALTER TABLE `pemilik`
  MODIFY `idpemilik` int NOT NULL AUTO_INCREMENT, AUTO_INCREMENT=6;

--
-- AUTO_INCREMENT for table `perawat`
--
ALTER TABLE `perawat`
  MODIFY `id_perawat` int NOT NULL AUTO_INCREMENT;

--
-- AUTO_INCREMENT for table `pet`
--
ALTER TABLE `pet`
  MODIFY `idpet` int NOT NULL AUTO_INCREMENT, AUTO_INCREMENT=6;

--
-- AUTO_INCREMENT for table `ras_hewan`
--
ALTER TABLE `ras_hewan`
  MODIFY `idras_hewan` int NOT NULL AUTO_INCREMENT, AUTO_INCREMENT=47;

--
-- AUTO_INCREMENT for table `rekam_medis`
--
ALTER TABLE `rekam_medis`
  MODIFY `idrekam_medis` int NOT NULL AUTO_INCREMENT, AUTO_INCREMENT=7;

--
-- AUTO_INCREMENT for table `role`
--
ALTER TABLE `role`
  MODIFY `idrole` int NOT NULL AUTO_INCREMENT, AUTO_INCREMENT=7;

--
-- AUTO_INCREMENT for table `role_user`
--
ALTER TABLE `role_user`
  MODIFY `idrole_user` int NOT NULL AUTO_INCREMENT, AUTO_INCREMENT=13;

--
-- AUTO_INCREMENT for table `temu_dokter`
--
ALTER TABLE `temu_dokter`
  MODIFY `idreservasi_dokter` int NOT NULL AUTO_INCREMENT, AUTO_INCREMENT=8;

--
-- AUTO_INCREMENT for table `user`
--
ALTER TABLE `user`
  MODIFY `iduser` bigint NOT NULL AUTO_INCREMENT, AUTO_INCREMENT=16;

--
-- AUTO_INCREMENT for table `users`
--
ALTER TABLE `users`
  MODIFY `id` bigint UNSIGNED NOT NULL AUTO_INCREMENT;

--
-- Constraints for dumped tables
--

--
-- Constraints for table `detail_rekam_medis`
--
ALTER TABLE `detail_rekam_medis`
  ADD CONSTRAINT `detail_rekam_medis_ibfk_1` FOREIGN KEY (`idkode_tindakan_terapi`) REFERENCES `kode_tindakan_terapi` (`idkode_tindakan_terapi`),
  ADD CONSTRAINT `fk_detail_rekam_medis_rekam_medis1` FOREIGN KEY (`idrekam_medis`) REFERENCES `rekam_medis` (`idrekam_medis`);

--
-- Constraints for table `dokter`
--
ALTER TABLE `dokter`
  ADD CONSTRAINT `dokter_ibfk_1` FOREIGN KEY (`id_user`) REFERENCES `users` (`id`) ON DELETE CASCADE;

--
-- Constraints for table `kode_tindakan_terapi`
--
ALTER TABLE `kode_tindakan_terapi`
  ADD CONSTRAINT `fk_kode_tindakan_terapi_kategori1` FOREIGN KEY (`idkategori`) REFERENCES `kategori` (`idkategori`),
  ADD CONSTRAINT `fk_kode_tindakan_terapi_kategori_klinis1` FOREIGN KEY (`idkategori_klinis`) REFERENCES `kategori_klinis` (`idkategori_klinis`);

--
-- Constraints for table `pemilik`
--
ALTER TABLE `pemilik`
  ADD CONSTRAINT `fk_pemilik_user1` FOREIGN KEY (`iduser`) REFERENCES `user` (`iduser`);

--
-- Constraints for table `perawat`
--
ALTER TABLE `perawat`
  ADD CONSTRAINT `perawat_ibfk_1` FOREIGN KEY (`id_user`) REFERENCES `users` (`id`) ON DELETE CASCADE;

--
-- Constraints for table `pet`
--
ALTER TABLE `pet`
  ADD CONSTRAINT `fk_pet_pemilik1` FOREIGN KEY (`idpemilik`) REFERENCES `pemilik` (`idpemilik`),
  ADD CONSTRAINT `fk_pet_ras_hewan1` FOREIGN KEY (`idras_hewan`) REFERENCES `ras_hewan` (`idras_hewan`);

--
-- Constraints for table `ras_hewan`
--
ALTER TABLE `ras_hewan`
  ADD CONSTRAINT `fk_ras_hewan_jenis_hewan1` FOREIGN KEY (`idjenis_hewan`) REFERENCES `jenis_hewan` (`idjenis_hewan`);

--
-- Constraints for table `rekam_medis`
--
ALTER TABLE `rekam_medis`
  ADD CONSTRAINT `fk_rekam_medis_pet1` FOREIGN KEY (`idpet`) REFERENCES `pet` (`idpet`),
  ADD CONSTRAINT `rekam_medis_ibfk_1` FOREIGN KEY (`dokter_pemeriksa`) REFERENCES `role_user` (`idrole_user`);

--
-- Constraints for table `role_user`
--
ALTER TABLE `role_user`
  ADD CONSTRAINT `fk_role_user_role1` FOREIGN KEY (`idrole`) REFERENCES `role` (`idrole`),
  ADD CONSTRAINT `fk_role_user_user` FOREIGN KEY (`iduser`) REFERENCES `user` (`iduser`);

--
-- Constraints for table `temu_dokter`
--
ALTER TABLE `temu_dokter`
  ADD CONSTRAINT `temu_dokter_ibfk_1` FOREIGN KEY (`idpet`) REFERENCES `pet` (`idpet`),
  ADD CONSTRAINT `temu_dokter_ibfk_2` FOREIGN KEY (`idrole_user`) REFERENCES `role_user` (`idrole_user`);
COMMIT;

/*!40101 SET CHARACTER_SET_CLIENT=@OLD_CHARACTER_SET_CLIENT */;
/*!40101 SET CHARACTER_SET_RESULTS=@OLD_CHARACTER_SET_RESULTS */;
/*!40101 SET COLLATION_CONNECTION=@OLD_COLLATION_CONNECTION */;
